"id","title","type","status","tmdbId","confidence"
"5540","Toh Ti Ani Fuji 2026 1080p HEVC DS4K WEB-DL Hindi 5 1-Marathi 5 1 ESub.x265-HDHub4u Ms","movie","not_found",,"0"
"5538","The Ugly 2025 1080p 10Bit WEB-DL Hindi 5 1-Korean 5 1 HEVC.x265-HDHub4u Ms","movie","not_found",,"0"
"5500","Swapped%202026%20NF%20Dual%20Audio%20Hindi%20%28ORG%205 1%29%201080p%20WEB-DL%20x264%20ESubs","movie","not_found",,"0"
"5537","Suyodhana 2026 1080p WEB-DL Hindi 5 1-Telugu 5 1 ESub.x264-HDHub4u Ms","movie","not_found",,"0"
"5536","Sampradayaini%20Suppini%20Suddapusaani%20%282026%29%20UNCUT%20720p%20WEBRip%20x264%20ESub%20%5BDual%20Audio%5D%5BHindi%205 1%2BTelugu%205 1%5D%20-HDHub","movie","not_found",,"0"
"5535","Sambhavam Adhyayam Onnu 2026 1080p DS4K WEB-DL Hindi 5 1-Malayalam 5 1 ESub.x264-HDHub4u Ms","movie","not_found",,"0"
"5534","Repu Udayam 10 Gantalaku 2026 1080p HEVC WEB-DL Hindi 2 0-Telugu 5 1 ESub.x265-HDHub4u Ms","movie","not_found",,"0"
"5499","RDX%20Love%20%282019%29%20UNCUT%20720p%20DS4K%20WEBRip%20x264%20ESub%20%5BDual%20Audio%5D%5BHindi%205 1%2BTelugu%205 1%5D%20-HDHub","movie","not_found",,"0"
"5498","Project Y 2026 1080p WEB-DL Hindi 5 1-Korean 5 1 ESub.x264-HDHub4u Ms","movie","not_found",,"0"
"5533","Prathichaya 2026 1080p DS4K WEB-DL Hindi 5 1-Malayalam 5 1 ESub.x264-HDHub4u Ms","movie","not_found",,"0"
"5532","Pallichattambi 2026 1080p HEVC HDTC Hindi-Multi ORGs HC-ESub.x265-HDHub4u Ms","movie","not_found",,"0"
"5531","Nee Forever 2026 1080p DS4K WEB-DL Hindi 5 1-Tamil 5 1 ESub.x264-HDHub4u Ms%20%282%29","movie","not_found",,"0"
"5530","My Lord 2026 1080p WEB-DL Hindi 5 1-Tamil 5 1 ESub.x264-HDHub4u Ms 4","movie","not_found",,"0"
"5529","Mrithyunjay%20%282026%29%20UNCUT%20720p%20WEBRip%20x264%20ESub%20%5BDual%20Audio%5D%5BHindi%205 1%2BTelugu%205 1%5D%20-HDHub","movie","not_found",,"0"
"5497","Love Insurance Kompany 2026 1080p DS4K WEB-DL Hindi 5 1-Tamil 5 1 ESub.x264-HDHub4u Ms","movie","not_found",,"0"
"5528","Keeper 2025 1080p 10Bit BluRay Hindi 5 1-English 5 1 HEVC.x265-HDHub4u Ms","movie","not_found",,"0"
"5496","Karuppu%20%282026%29%20Tamil%20HQ%20PreDVD%20-%201080p%20-%20x264%20-%20HQ%20Clean%20-%20AAC%20-%202 7GB","movie","not_found",,"0"
"5495","Kaalidas-2 2026 1080p DS4K WEB-DL Hindi 2 0-Tamil 5 1 ESub.x264-HDHub4u Ag","movie","not_found",,"0"
"5494","Jana Nayagan 2026 1080p WEB-LEAK Hindi HQ-Studio Dub.x264-HDHub4u Ms 2","movie","not_found",,"0"
"5493","Happy Raj 2026 1080p Hindi WEB-DL World4ufree","movie","not_found",,"0"
"5492","Dridam 2026 1080p HDTC Malayalam-Line HC-ESub.x264-HDHub4u Ag","movie","not_found",,"0"
"5527","Dolly%20%282025%29%201080p%20AMZN-WEB%20x265%20HEVC%20ESub%20%5BDual%20Audio%5D%5BHindi%202 0%2BEnglish%205 1%5D%20-HDHub","movie","not_found",,"0"
"5526","Do Not Enter 2026 1080p WEB-DL Hindi 5 1-English 5 1 ESub.x264-HDHub4u Ms","movie","not_found",,"0"
"5491","Biker 2026 1080p DS4K WEB-DL Hindi 5 1-Telugu 5 1 ESub.x264-HDHub4u Ms","movie","not_found",,"0"
"5525","Bhartha Mahasayulaku Wignyapthi 2026 1080p DS4K WEB-DL Hindi HQ-Studio Dub.x264-HDHub4u Ms","movie","not_found",,"0"
"5490","Bharathanatyam 2 Mohiniyattam 2026 1080p DS4K WEB-DL Hindi 5 1-Malayalam 5 1 ESub.x264-HDHub4u Ms","movie","not_found",,"0"
"5524","Avatar Fire.and Ash 2025 1080p WEB-DL Hindi Tamil Telugu LiNE-English 5 1 ESub.x264-HDHub4u Ms","movie","not_found",,"0"
"5523","Apex%202026%20NF%20Dual%20Audio%20Hindi%20%28ORG%205 1%29%201080p%20WEB-DL%20x264%20ESubs","movie","not_found",,"0"
"5489","Agnyathavasi 2025 UNCUT 1080p WEB-DL Hindi 2 0-Kannada 5 1 ESub.x264-HDHub4u Ms 2","movie","not_found",,"0"
"5488","Aadu%203%20%282026%29%20WEB-DL%20%5BHindi-Malayalam%5D%20ZEE5%201080p%20ESub","movie","not_found",,"0"
"5522","Ustaad Bhagat Singh 2026 1080p DS4K WEB-DL Hindi 5 1-Telugu 5 1 ESub.x264-HDHub4u Ms 2","movie","not_found",,"0"
"5521","Tu Yaa Main 2026 1080p Hindi DS4K WEB-DL 5 1 ESub.x264-HDHub4u Ms","movie","not_found",,"0"
"5520","Toaster 2026 1080p Hindi WEB-DL 5 1 ESub.x264-HDHub4u Ms 2","movie","not_found",,"0"
"5487","The Kerala Story 2 2026 1080p ZEE5 WEB-DL Hindi DDP5 1 Atmos H 264-Archie","movie","not_found",,"0"
"5486","System 2026 1080p Hindi WEB-DL 5 1 ESub.x264-HDHub4u Ms","movie","not_found",,"0"
"5485","Raja%20Shivaji%202026%20Hindi%20%28Cleaned%29%201080p%20HQ%20HDTC%20x264","movie","not_found",,"0"
"5519","Projet Hail Mry 2026 1080p.x264 AAC2 0-Pahe.in","movie","not_found",,"0"
"5484","Pati%20Patni%20Aur%20Woh%20Do%202026%20Hindi%20HDTC%201080p%20x264%20AAC%20CineVood","movie","not_found",,"0"
"5518","Michael 2026 1080p V2-HDTC English-Line.x264-HDHub4u Ms","movie","not_found",,"0"
"5483","Main%20Actor%20Nahin%20Hoon%202026%20Hindi%20%28Cleaned%29%201080p%20HQ%20HDTS%20x264","movie","not_found",,"0"
"5482","Ladies First 2026 1080p WEBRip 10Bit DDP 5 1.x265-NeoNoir","movie","not_found",,"0"
"5481","Krishnavataram P1-The Heart 2026 1080p HEVC HDTC Hindi-Line HC-ESub.x265-HDHub4u Ag","movie","not_found",,"0"
"5480","Kartavya 2026 1080p Hindi DS4K WEB-DL 5 1 ESub.x264-HDHub4u Ms","movie","not_found",,"0"
"5509","Happy Patel-Khatarnak Jasoos 2026 1080p Hindi DS4K WEB-DL 5 1 ESub.x264-HDHub4u Ms","movie","not_found",,"0"
"5508","Ginny%20Wedss%20Sunny%202%202026%20Hindi%20%28Cleaned%29%201080p%20HQ%20HDTC%20x264","movie","not_found",,"0"
"5479","Gaayapadda Simham 2026 1080p WEB-DL Hindi 5 1-Telugu 5 1 ESub.x264-HDHub4u Ms 2","movie","not_found",,"0"
"5507","Everybody Loves Sohrab Handa 2026 1080p Hindi DS4K WEB-DL 5 1 ESub.x264-HDHub4u Ms 2","movie","not_found",,"0"
"5478","Drishyam-3 2026 1080p HEVC HDTC Malayalam-LiNE HC-ESub.x265-HDHub4u Ms","movie","not_found",,"0"
"5477","Dhurandhar-The Revenge 2026 1080p Hindi DS4K WEB-DL 5 1 ESub.x264-HDHub4u Ag","movie","not_found",,"0"
"5476","Dhumketu 2025 1080p ZEE5 WEB-DL DDP5 1 H 264-4kHdHub Com","movie","not_found",,"0"
"5506","Dacoit 2026 1080p V2-HDTC Hindi-Line HC-ESub.x264-HDHub4u Ms 2","movie","not_found",,"0"
"5475","Chand%20Mera%20Dil%202026%20Hindi%20HDTC%201080p%2010bit%20x265%20HEVC%20CineVood","movie","not_found",,"0"
"5474","Bhooth Bangla 2026 1080p V3-HDTC Hindi-Line.x264-HDHub4u Ms","movie","not_found",,"0"
"5505","Bhooth%20Bangla%20%282026%29%20HDTC%20%5BHindi%20LiNE%5D%201080p%20HC-ESub","movie","not_found",,"0"
"5504","Bhabiji%20Ghar%20Par%20Hain%20%282026%29%20Hindi%201080p%20Zee5%20WEBRip%20x265%20HEVC%2010bit%20DD5 1%20ESub%20-%20HDHub4u","movie","not_found",,"0"
"5503","Assi 2026 1080p ZEE5 WEB-DL DDP5 1 H 264-4kHdHub Com","movie","not_found",,"0"
"4811","London Confidental (2020)","movie","not_found",,"0"
"4724","Dangerous Ishq (2012)","movie","not_found",,"0"
"4673","Baadshah 1999 Hindi DvDrip 720p x264 AC3 5 1.. Hon3y","movie","not_found",,"0"
"4639","Daud-Fun on the Run (1997)","movie","not_found",,"0"
"4553","Don (2006) (1)","movie","needs_review","798901","27"
"4535","Irul - A Horror Nightmare","movie","not_found",,"0"
"4529","Unhinged 2020 1080p.ZEE5.WEB-DL.HIN-ENG-TAM-TEL.AAC2.0.H.264","movie","not_found",,"0"
"4524","The.Last.Thing.He.Wanted.2020.720p.WEB-DL.Hindi.Dual-Audio.MoviezFlix.Co.In","movie","not_found",,"0"
"4522","The.Call.Of.The.Wild.2020.720p.HDRip.Hindi+English Dual-Audio.x264","movie","not_found",,"0"
"4504","Sonic.The.Hedgehog.2020.720p.HC.HDRip.Hindi.Dub.Dual-Audio.x264-1XBET","movie","not_found",,"0"
"4486","Lost Girls 2020 WebRip 1080p Hindi English DD 5.1 x264 MSubs - mkvCinemas [Telly]","movie","not_found",,"0"
"4463","Corona Virus - The Silent Killer (2020) 1080p WEB-DL Multi Audio [Tel+Eng+Tam+Hin+Kan+Mal]","movie","not_found",,"0"
"4444","Use.Me.2019.720p.HDRip.Hindi.Dub.Dual-Audio.MoviezFlix.Org","movie","not_found",,"0"
"4440","The.Wandering.Earth.2019.1080p.NF.WEB-DL [Dual Audio] [Eng+China] 9.x264-KatmovieHD.Eu","movie","not_found",,"0"
"4438","The.Irishman.2019.1080p.WEB-DL.Dual.Audio.Hindi-English.MoviezFlix.Net","movie","not_found",,"0"
"4391","Once.Upon.a.Time.In.Hollywood.2019.1080p.BRRip.Hindi.Dual-Audio.MoviezFlix.Co.In","movie","not_found",,"0"
"4390","Nela Ticket 2019 New Hindi Dubbed Movie - Ravi Teja, Raashi Khanna, Freddy Daruwala","movie","not_found",,"0"
"4388","Men In Black International 2019 1080p BluRay Hindi English x264 DD 5.1 MSubs - LOKiHD - Telly","movie","not_found",,"0"
"4357","Dora.And.The.Lost.City.Of.Gold.2019.720p.ORG.Hindi.BluRay.Dual-Audio.x264","movie","not_found",,"0"
"4109","Top Gun Maverick (2022) {Dual Audio}","movie","needs_review","1076135","60"
"3971","The Hearts Of The Down Under And The My Son (2021)","movie","not_found",,"0"
"3609","Maze Runner The Scorch Trails (2015)","movie","not_found",,"0"
"3429","On-Bak 2 (2008)","movie","not_found",,"0"
"3332","Underworld EXTENDED (2003)","movie","not_found",,"0"
"3278","Requiem for a Dream DIRECTORS CUT (2000)","movie","not_found",,"0"
"3270","American Psyco (2000)","movie","not_found",,"0"
"2967","Man vs Bee-S1","movie","not_found",,"0"
"2806","Zaara Abir (2021) Bangla Dubbed","movie","not_found",,"0"
"2762","Sweet Home Complete","series","not_found",,"0"
"2751","Sufiyana Bangla","series","needs_review","88250","55"
"2748","Street Food [Hindi-English]","series","needs_review","318332","67"
"2742","State of Siege 2611 [Hindi]","series","not_found",,"0"
"2732","Spiderman 1994 Complete Animated Series Season 1 2 3 4 5","series","not_found",,"0"
"2649","Rangbaaz Darr Ki Rajneeti Season 01 [2022]","series","not_found",,"0"
"2632","Pyaar Actually Real Is Rare","series","not_found",,"0"
"2589","Out of the Cradle (TV Movie 2018)","series","needs_review","315003","35"
"2255","Duranga S01-S02(2022-23)","series","not_found",,"0"
"2202","Dahmer – Monster: The Jeffrey Dahmer Story (TV Mini Series 2022)","series","needs_review","113988","39"
"2201","Dahan Raakan Ka Rahasya (TV Series 2022)","series","needs_review","307267","37"
"2190","Crisis on Earth-X","series","not_found",,"0"
"2155","Cholo Digonte [Bangla]","series","not_found",,"0"
"2101","Bhoyer Golpo [Bangla]","series","needs_review","130799","55"
"2099","Bhasan - The Immersion (2020) [Bangla]","series","not_found",,"0"
"2097","Bhalobasar Shohor [Bengali]","series","needs_review","659722","0"
"2096","Bhakuaal (2022)","series","not_found",,"0"
"2089","Ben 10 Complete Seasons [Ben10,Alien Force,Ultimate Alien]","series","not_found",,"0"
"2086","Bebas [Hindi]","series","needs_review","112715","55"
"2084","Beauty and The Bullet [Bangla]","series","needs_review","130796","55"
"2074","Bakuman Foreign Language with English subtitle","series","not_found",,"0"
"2052","Arai Mon Shopno [Bangla]","series","not_found",,"0"
"2050","Another (2012) + OVA [Dual Audio]","series","needs_review","67267","0"
"2011","22 April [Telefilm]","series","needs_review","827194","35"
